<?xml version="1.0" encoding="UTF-8"?>
<metadata xml:lang="en"><Esri><CreaDate>20120203</CreaDate><CreaTime>13242400</CreaTime><ArcGISFormat>1.0</ArcGISFormat><ArcGISstyle>North American Profile of ISO19115 2003</ArcGISstyle><SyncOnce>FALSE</SyncOnce><DataProperties><lineage><Process ToolSource="C:\Program Files\ArcGIS\Desktop10.0\ArcToolbox\Toolboxes\Data Management Tools.tbx\CreateFishnet" Date="20110426" Time="103718">CreateFishnet N:\ESTIMATE\Azhar_action_items\Alaska_Bdry_Tiles_Revised\AK_Buffer_Fishnet.shp "-2500000 80000" "-2500000 2700000" 20000 20000 131 216 # NO_LABELS # POLYLINE</Process><Process ToolSource="C:\Program Files\ArcGIS\Desktop10.0\ArcToolbox\Toolboxes\Data Management Tools.tbx\FeatureToPolygon" Date="20110426" Time="103744">FeatureToPolygon AK_Buffer_Fishnet N:\ESTIMATE\Azhar_action_items\Alaska_Bdry_Tiles_Revised\AK_Buffer_Polygons.shp # NO_ATTRIBUTES #</Process><Process ToolSource="C:\Program Files\ArcGIS\Desktop10.0\ArcToolbox\Toolboxes\Data Management Tools.tbx\CalculateField" Date="20110426" Time="104114">CalculateField AK_Buffer_Sheets LLX [LLX]-10000 VB #</Process><Process ToolSource="C:\Program Files\ArcGIS\Desktop10.0\ArcToolbox\Toolboxes\Data Management Tools.tbx\CalculateField" Date="20110426" Time="104128">CalculateField AK_Buffer_Sheets LLY [LLY]-10000 VB #</Process><Process ToolSource="C:\Program Files\ArcGIS\Desktop10.0\ArcToolbox\Toolboxes\Data Management Tools.tbx\CalculateField" Date="20110426" Time="104544">CalculateField AK_Buffer_Sheets LLY [LLY]+10000000 VB #</Process><Process ToolSource="C:\Program Files\ArcGIS\Desktop10.0\ArcToolbox\Toolboxes\Data Management Tools.tbx\CalculateField" Date="20110426" Time="104616">CalculateField AK_Buffer_Sheets LLY [LLY]/10000 VB #</Process><Process ToolSource="C:\Program Files\ArcGIS\Desktop10.0\ArcToolbox\Toolboxes\Data Management Tools.tbx\CalculateField" Date="20110426" Time="105337">CalculateField AK_Buffer_Sheets LLX [LLX]+10000000 VB #</Process><Process ToolSource="C:\Program Files\ArcGIS\Desktop10.0\ArcToolbox\Toolboxes\Data Management Tools.tbx\CalculateField" Date="20110426" Time="105403">CalculateField AK_Buffer_Sheets LLX [LLX]/10000 VB #</Process><Process ToolSource="C:\Program Files\ArcGIS\Desktop10.0\ArcToolbox\Toolboxes\Data Management Tools.tbx\CalculateField" Date="20110426" Time="105508">CalculateField AK_Buffer_Sheets TileName [LLX] VB #</Process><Process ToolSource="C:\Program Files\ArcGIS\Desktop10.0\ArcToolbox\Toolboxes\Data Management Tools.tbx\CalculateField" Date="20110426" Time="124801">CalculateField AK_Buffer_Sheets Len Len( [TileName] ) VB #</Process><Process ToolSource="C:\Program Files\ArcGIS\Desktop10.0\ArcToolbox\Toolboxes\Data Management Tools.tbx\CalculateField" Date="20110426" Time="124829">CalculateField AK_Buffer_Sheets TileName ""0" &amp; [TileName]" VB #</Process><Process ToolSource="C:\Program Files\ArcGIS\Desktop10.0\ArcToolbox\Toolboxes\Data Management Tools.tbx\CalculateField" Date="20110426" Time="124854">CalculateField AK_Buffer_Sheets TileName "[TileName] &amp; "_" &amp; [LLY]" VB #</Process><Process ToolSource="C:\Program Files\ArcGIS\Desktop10.0\ArcToolbox\Toolboxes\Data Management Tools.tbx\CalculateField" Date="20110426" Time="125005">CalculateField AK_Buffer_Sheets Len Len( [TileName] ) VB #</Process><Process ToolSource="C:\Program Files\ArcGIS\Desktop10.0\ArcToolbox\Toolboxes\Data Management Tools.tbx\CalculateField" Date="20110426" Time="130533">CalculateField AK_Buffer_Sheets Status "Original" VB #</Process><Process ToolSource="C:\Program Files\ArcGIS\Desktop10.0\ArcToolbox\Toolboxes\Data Management Tools.tbx\CalculateField" Date="20110426" Time="164407">CalculateField AK_Buffer_Sheets Status "CM1_SM1" VB #</Process><Process ToolSource="C:\Program Files\ArcGIS\ArcToolbox\Toolboxes\Data Management Tools.tbx\Merge" Date="20120203" Time="124828">Merge KP1_Addition;2011_Tiles_Estimate\All_Sheets_Year2 P:\2010\E10-0039-00_Alaska_Statewide_Imagery\gis\TEMP\SDMI_Y2_Tiles.shp "TileName 'TileName' true true false 50 Text 0 0 ,First,#,KP1_Addition,TileName,-1,-1,2011_Tiles_Estimate\All_Sheets_Year2,TileName,-1,-1;Status 'Status' true true false 50 Text 0 0 ,First,#,KP1_Addition,Status,-1,-1,2011_Tiles_Estimate\All_Sheets_Year2,Status,-1,-1"</Process><Process ToolSource="C:\Program Files\ArcGIS\ArcToolbox\Toolboxes\Data Management Tools.tbx\Merge" Date="20120203" Time="125002">Merge SDMI_Y2_Tiles;2011_Tiles_Estimate\tie_sheets_y1_y2 P:\2010\E10-0039-00_Alaska_Statewide_Imagery\gis\TEMP\SDMI_Y2_Tiles_20120203.shp "TileName 'TileName' true true false 50 Text 0 0 ,First,#,SDMI_Y2_Tiles,TileName,-1,-1,2011_Tiles_Estimate\tie_sheets_y1_y2,TileName,-1,-1;Status 'Status' true true false 50 Text 0 0 ,First,#,SDMI_Y2_Tiles,Status,-1,-1,2011_Tiles_Estimate\tie_sheets_y1_y2,Status,-1,-1"</Process><Process ToolSource="C:\Program Files\ArcGIS\ArcToolbox\Toolboxes\Data Management Tools.tbx\Merge" Date="20120203" Time="130234">Merge 2011_Tiles_Estimate\SDMI_Y2_Tiles_20120203;ST1 P:\2010\E10-0039-00_Alaska_Statewide_Imagery\gis\2011_PotentialTiles\20120203\SDMI_Y2_Tiles_20120203_Merge.shp "TileName 'TileName' true true false 50 Text 0 0 ,First,#,2011_Tiles_Estimate\SDMI_Y2_Tiles_20120203,TileName,-1,-1,ST1,TileName,-1,-1;Status 'Status' true true false 50 Text 0 0 ,First,#,2011_Tiles_Estimate\SDMI_Y2_Tiles_20120203,Status,-1,-1,ST1,Status,-1,-1"</Process></lineage><itemProps><itemName Sync="TRUE">AK_Buffer_Polygons</itemName><imsContentType Sync="TRUE">002</imsContentType><itemSize Sync="TRUE">0.000</itemSize><itemLocation><linkage Sync="TRUE">file://\\cyrene\estimate\ESTIMATE\Azhar_action_items\Alaska_Bdry_Tiles_Revised\AK_Buffer_Polygons.shp</linkage><protocol Sync="TRUE">Local Area Network</protocol></itemLocation></itemProps></DataProperties><SyncDate>20120203</SyncDate><SyncTime>13023400</SyncTime><ModDate>20120203</ModDate><ModTime>13023400</ModTime><MetaID>{91DDF6EA-C8B9-4296-B11C-F6BF3A9A39B8}</MetaID></Esri><dataIdInfo><envirDesc Sync="TRUE">Microsoft Windows XP Version 5.1 (Build 2600) Service Pack 3; ESRI ArcCatalog 9.3.1.4000</envirDesc><dataLang><languageCode value="en" country="US"></languageCode></dataLang><idCitation><resTitle Sync="TRUE">SDMI_Y2_Tiles_20120203_Merge</resTitle><presForm><PresFormCd value="005"></PresFormCd></presForm></idCitation><descKeys><thesaName uuidref="723f6998-058e-11dc-8314-0800200c9a66"></thesaName><keyword Sync="TRUE">002</keyword></descKeys><spatRpType><SpatRepTypCd value="001"></SpatRepTypCd></spatRpType></dataIdInfo><mdLang><languageCode value="en"></languageCode></mdLang><mdChar><CharSetCd value="004"></CharSetCd></mdChar><distInfo><distFormat><formatName Sync="TRUE">Shapefile</formatName></distFormat><distTranOps><transSize Sync="TRUE">0.000</transSize></distTranOps><distributor><distorTran><onLineSrc><linkage Sync="TRUE">file://</linkage><protocol Sync="TRUE">Local Area Network</protocol><orDesc Sync="TRUE">002</orDesc></onLineSrc><transSize Sync="TRUE">0.000</transSize></distorTran><distorFormat><formatName Sync="TRUE">Shapefile</formatName></distorFormat></distributor></distInfo><mdHrLv><ScopeCd value="005"></ScopeCd></mdHrLv><mdHrLvName Sync="TRUE">dataset</mdHrLvName><spdoinfo><ptvctinf><esriterm Name="SDMI_Y2_Tiles_20120203_Merge"><efeatyp Sync="TRUE">Simple</efeatyp><efeageom Sync="TRUE">Polygon</efeageom><esritopo Sync="TRUE">FALSE</esritopo><efeacnt Sync="TRUE">0</efeacnt><spindex Sync="TRUE">FALSE</spindex><linrefer Sync="TRUE">FALSE</linrefer></esriterm><sdtsterm Name="SDMI_Y2_Tiles_20120203_Merge"><sdtstype Sync="TRUE">G-polygon</sdtstype><ptvctcnt Sync="TRUE">0</ptvctcnt></sdtsterm></ptvctinf><direct Sync="TRUE">Vector</direct></spdoinfo><spatRepInfo><VectSpatRep><topLvl><TopoLevCd value="001"></TopoLevCd></topLvl><geometObjs><geoObjTyp><GeoObjTypCd value="002"></GeoObjTypCd><geoObjCnt Sync="TRUE">0</geoObjCnt></geoObjTyp></geometObjs></VectSpatRep></spatRepInfo><eainfo><detailed Name="SDMI_Y2_Tiles_20120203_Merge"><enttyp><enttypl Sync="TRUE">SDMI_Y2_Tiles_20120203_Merge</enttypl><enttypt Sync="TRUE">Feature Class</enttypt><enttypc Sync="TRUE">0</enttypc></enttyp><attr><attrlabl Sync="TRUE">FID</attrlabl><attalias Sync="TRUE">FID</attalias><attrtype Sync="TRUE">OID</attrtype><attwidth Sync="TRUE">4</attwidth><atprecis Sync="TRUE">0</atprecis><attscale Sync="TRUE">0</attscale><attrdef Sync="TRUE">Internal feature number.</attrdef><attrdefs Sync="TRUE">ESRI</attrdefs><attrdomv><udom Sync="TRUE">Sequential unique whole numbers that are automatically generated.</udom></attrdomv></attr><attr><attrlabl Sync="TRUE">Shape</attrlabl><attalias Sync="TRUE">Shape</attalias><attrtype Sync="TRUE">Geometry</attrtype><attwidth Sync="TRUE">0</attwidth><atprecis Sync="TRUE">0</atprecis><attscale Sync="TRUE">0</attscale><attrdef Sync="TRUE">Feature geometry.</attrdef><attrdefs Sync="TRUE">ESRI</attrdefs><attrdomv><udom Sync="TRUE">Coordinates defining the features.</udom></attrdomv></attr><attr><attrlabl Sync="TRUE">TileName</attrlabl><attalias Sync="TRUE">TileName</attalias><attrtype Sync="TRUE">String</attrtype><attwidth Sync="TRUE">50</attwidth></attr><attr><attrlabl Sync="TRUE">Status</attrlabl><attalias Sync="TRUE">Status</attalias><attrtype Sync="TRUE">String</attrtype><attwidth Sync="TRUE">50</attwidth></attr></detailed></eainfo><mdDateSt Sync="TRUE">20120203</mdDateSt><idinfo><citation><citeinfo><onlink Sync="TRUE"></onlink><title Sync="TRUE">SDMI_Y2_Tiles_20120203_Merge</title><ftname Sync="TRUE">SDMI_Y2_Tiles_20120203_Merge</ftname><geoform Sync="TRUE">vector digital data</geoform></citeinfo></citation><native Sync="TRUE">Microsoft Windows XP Version 5.1 (Build 2600) Service Pack 3; ESRI ArcCatalog 9.3.1.4000</native><descript><langdata Sync="TRUE">en</langdata></descript><natvform Sync="TRUE">Shapefile</natvform></idinfo><dataqual><lineage><procstep><procdesc Sync="TRUE">Dataset copied.</procdesc><srcused Sync="TRUE"></srcused><procdate Sync="TRUE">20120203</procdate><proctime Sync="TRUE">12443800</proctime></procstep><procstep><procdesc Sync="TRUE">Dataset copied.</procdesc><srcused Sync="TRUE"></srcused><procdate Sync="TRUE">20120203</procdate><proctime Sync="TRUE">13242400</proctime></procstep></lineage></dataqual><metainfo><langmeta Sync="TRUE">en</langmeta><metstdn Sync="TRUE">FGDC Content Standards for Digital Geospatial Metadata</metstdn><metstdv Sync="TRUE">FGDC-STD-001-1998</metstdv><mettc Sync="TRUE">local time</mettc><metd Sync="TRUE">20120203</metd><metextns><onlink Sync="TRUE">http://www.esri.com/metadata/esriprof80.html</onlink><metprof Sync="TRUE">ESRI Metadata Profile</metprof></metextns></metainfo><mdStanName Sync="TRUE">ISO 19115 Geographic Information - Metadata</mdStanName><mdStanVer Sync="TRUE">DIS_ESRI1.0</mdStanVer><distinfo><resdesc Sync="TRUE">Downloadable Data</resdesc><stdorder><digform><digtinfo><transize Sync="TRUE">0.000</transize><dssize Sync="TRUE">0.000</dssize></digtinfo></digform></stdorder></distinfo><spref><horizsys><cordsysn><geogcsn Sync="TRUE">GCS_NAD_1983_CORS96</geogcsn><projcsn Sync="TRUE">NAD_1983_CORS96_Alaska_Albers</projcsn></cordsysn><planar><planci><plance Sync="TRUE">coordinate pair</plance><plandu Sync="TRUE">meters</plandu><coordrep><absres Sync="TRUE">0.000000</absres><ordres Sync="TRUE">0.000000</ordres></coordrep></planci><mapproj><mapprojn Sync="TRUE">Albers Conical Equal Area</mapprojn><albers><stdparll Sync="TRUE">55.000000</stdparll><stdparll Sync="TRUE">65.000000</stdparll><longcm Sync="TRUE">-154.000000</longcm><latprjo Sync="TRUE">50.000000</latprjo><feast Sync="TRUE">0.000000</feast><fnorth Sync="TRUE">0.000000</fnorth></albers></mapproj></planar><geodetic><horizdn Sync="TRUE">D_NAD_1983_CORS96</horizdn><ellips Sync="TRUE">Geodetic Reference System 80</ellips><semiaxis Sync="TRUE">6378137.000000</semiaxis><denflat Sync="TRUE">298.257222</denflat></geodetic></horizsys></spref><refSysInfo><RefSystem><refSysID><identCode Sync="TRUE">NAD_1983_CORS96_Alaska_Albers</identCode></refSysID></RefSystem></refSysInfo></metadata>
