<?xml version="1.0" encoding="UTF-8"?>
<metadata xml:lang="en"><Esri><CreaDate>20130319</CreaDate><CreaTime>12025200</CreaTime><ArcGISstyle>North American Profile of ISO19115 2003</ArcGISstyle><SyncOnce>FALSE</SyncOnce><DataProperties><lineage><Process ToolSource="C:\Program Files\ArcGIS\Desktop10.0\ArcToolbox\Toolboxes\Data Management Tools.tbx\CreateFishnet" Date="20110426" Time="103718">CreateFishnet N:\ESTIMATE\Azhar_action_items\Alaska_Bdry_Tiles_Revised\AK_Buffer_Fishnet.shp "-2500000 80000" "-2500000 2700000" 20000 20000 131 216 # NO_LABELS # POLYLINE</Process><Process ToolSource="C:\Program Files\ArcGIS\Desktop10.0\ArcToolbox\Toolboxes\Data Management Tools.tbx\FeatureToPolygon" Date="20110426" Time="103744">FeatureToPolygon AK_Buffer_Fishnet N:\ESTIMATE\Azhar_action_items\Alaska_Bdry_Tiles_Revised\AK_Buffer_Polygons.shp # NO_ATTRIBUTES #</Process><Process ToolSource="C:\Program Files\ArcGIS\Desktop10.0\ArcToolbox\Toolboxes\Data Management Tools.tbx\CalculateField" Date="20110426" Time="104114">CalculateField AK_Buffer_Sheets LLX [LLX]-10000 VB #</Process><Process ToolSource="C:\Program Files\ArcGIS\Desktop10.0\ArcToolbox\Toolboxes\Data Management Tools.tbx\CalculateField" Date="20110426" Time="104128">CalculateField AK_Buffer_Sheets LLY [LLY]-10000 VB #</Process><Process ToolSource="C:\Program Files\ArcGIS\Desktop10.0\ArcToolbox\Toolboxes\Data Management Tools.tbx\CalculateField" Date="20110426" Time="104544">CalculateField AK_Buffer_Sheets LLY [LLY]+10000000 VB #</Process><Process ToolSource="C:\Program Files\ArcGIS\Desktop10.0\ArcToolbox\Toolboxes\Data Management Tools.tbx\CalculateField" Date="20110426" Time="104616">CalculateField AK_Buffer_Sheets LLY [LLY]/10000 VB #</Process><Process ToolSource="C:\Program Files\ArcGIS\Desktop10.0\ArcToolbox\Toolboxes\Data Management Tools.tbx\CalculateField" Date="20110426" Time="105337">CalculateField AK_Buffer_Sheets LLX [LLX]+10000000 VB #</Process><Process ToolSource="C:\Program Files\ArcGIS\Desktop10.0\ArcToolbox\Toolboxes\Data Management Tools.tbx\CalculateField" Date="20110426" Time="105403">CalculateField AK_Buffer_Sheets LLX [LLX]/10000 VB #</Process><Process ToolSource="C:\Program Files\ArcGIS\Desktop10.0\ArcToolbox\Toolboxes\Data Management Tools.tbx\CalculateField" Date="20110426" Time="105508">CalculateField AK_Buffer_Sheets TileName [LLX] VB #</Process><Process ToolSource="C:\Program Files\ArcGIS\Desktop10.0\ArcToolbox\Toolboxes\Data Management Tools.tbx\CalculateField" Date="20110426" Time="124801">CalculateField AK_Buffer_Sheets Len Len( [TileName] ) VB #</Process><Process ToolSource="C:\Program Files\ArcGIS\Desktop10.0\ArcToolbox\Toolboxes\Data Management Tools.tbx\CalculateField" Date="20110426" Time="124829">CalculateField AK_Buffer_Sheets TileName ""0" &amp; [TileName]" VB #</Process><Process ToolSource="C:\Program Files\ArcGIS\Desktop10.0\ArcToolbox\Toolboxes\Data Management Tools.tbx\CalculateField" Date="20110426" Time="124854">CalculateField AK_Buffer_Sheets TileName "[TileName] &amp; "_" &amp; [LLY]" VB #</Process><Process ToolSource="C:\Program Files\ArcGIS\Desktop10.0\ArcToolbox\Toolboxes\Data Management Tools.tbx\CalculateField" Date="20110426" Time="125005">CalculateField AK_Buffer_Sheets Len Len( [TileName] ) VB #</Process><Process ToolSource="C:\Program Files\ArcGIS\Desktop10.0\ArcToolbox\Toolboxes\Data Management Tools.tbx\CalculateField" Date="20110426" Time="130533">CalculateField AK_Buffer_Sheets Status "Original" VB #</Process><Process ToolSource="C:\Program Files\ArcGIS\Desktop10.0\ArcToolbox\Toolboxes\Data Management Tools.tbx\CalculateField" Date="20110426" Time="164407">CalculateField AK_Buffer_Sheets Status "CM1_SM1" VB #</Process><Process ToolSource="C:\Program Files\ArcGIS\Desktop10.0\ArcToolbox\Toolboxes\Data Management Tools.tbx\CalculateField" Date="20110502" Time="124956">CalculateField Alaska_Layout_Revised_02May2011 Status "sm_2_w" VB #</Process><Process ToolSource="C:\Program Files\ArcGIS\Desktop10.0\ArcToolbox\Toolboxes\Data Management Tools.tbx\CalculateField" Date="20110502" Time="125022">CalculateField Alaska_Layout_Revised_02May2011 Status "sm_2_w" VB #</Process><Process ToolSource="C:\Program Files\ArcGIS\Desktop10.0\ArcToolbox\Toolboxes\Data Management Tools.tbx\CalculateField" Date="20110502" Time="125049">CalculateField Alaska_Layout_Revised_02May2011 Status "sm_2_e" VB #</Process><Process ToolSource="c:\program files\arcgis\desktop10.0\ArcToolbox\Toolboxes\Data Management Tools.tbx\Merge" Date="20120207" Time="161107">Merge Alaska_Layout_Revised_02May2011;Feb2012_PotentialNewTiles_Mod N:\Azhar_action_items\Alaska_Bdry_Tiles_Revised\Revised_Feb2012\Alaska_Layout_Revised_07Feb2012.shp "TileName "TileName" true true false 50 Text 0 0 ,First,#,Alaska_Layout_Revised_02May2011,TileName,-1,-1,Feb2012_PotentialNewTiles_Mod,TileName,-1,-1;Status "Status" true true false 50 Text 0 0 ,First,#,Alaska_Layout_Revised_02May2011,Status,-1,-1,Feb2012_PotentialNewTiles_Mod,Status,-1,-1"</Process></lineage><itemProps><itemName Sync="TRUE">Alaska_Layout_Revised_07Feb2012</itemName><imsContentType Sync="TRUE">002</imsContentType><itemSize Sync="TRUE">0.000</itemSize><itemLocation><linkage Sync="TRUE">file://\\triton\psc\2010\E10-0039-00_Alaska_Statewide_Imagery\psc\layout\Tile_index_CORS96\Revised_02Feb2012_NM1_NM2_KP1\Alaska_Layout_Revised_07Feb2012</linkage><protocol Sync="TRUE">Local Area Network</protocol></itemLocation></itemProps><coordRef><type Sync="TRUE">Projected</type><geogcsn Sync="TRUE">GCS_NAD_1983_CORS96</geogcsn><csUnits Sync="TRUE">Linear Unit: Meter (1.000000)</csUnits><projcsn Sync="TRUE">NAD_1983_CORS96_Alaska_Albers</projcsn><peXml Sync="TRUE">&lt;ProjectedCoordinateSystem xsi:type='typens:ProjectedCoordinateSystem' xmlns:xsi='http://www.w3.org/2001/XMLSchema-instance' xmlns:xs='http://www.w3.org/2001/XMLSchema' xmlns:typens='http://www.esri.com/schemas/ArcGIS/10.0'&gt;&lt;WKT&gt;PROJCS[&amp;quot;NAD_1983_CORS96_Alaska_Albers&amp;quot;,GEOGCS[&amp;quot;GCS_NAD_1983_CORS96&amp;quot;,DATUM[&amp;quot;D_NAD_1983_CORS96&amp;quot;,SPHEROID[&amp;quot;GRS_1980&amp;quot;,6378137.0,298.257222101]],PRIMEM[&amp;quot;Greenwich&amp;quot;,0.0],UNIT[&amp;quot;Degree&amp;quot;,0.0174532925199433]],PROJECTION[&amp;quot;Albers&amp;quot;],PARAMETER[&amp;quot;False_Easting&amp;quot;,0.0],PARAMETER[&amp;quot;False_Northing&amp;quot;,0.0],PARAMETER[&amp;quot;Central_Meridian&amp;quot;,-154.0],PARAMETER[&amp;quot;Standard_Parallel_1&amp;quot;,55.0],PARAMETER[&amp;quot;Standard_Parallel_2&amp;quot;,65.0],PARAMETER[&amp;quot;Latitude_Of_Origin&amp;quot;,50.0],UNIT[&amp;quot;Meter&amp;quot;,1.0],AUTHORITY[&amp;quot;ESRI&amp;quot;,102247]]&lt;/WKT&gt;&lt;XOrigin&gt;-13752200&lt;/XOrigin&gt;&lt;YOrigin&gt;-8948200&lt;/YOrigin&gt;&lt;XYScale&gt;327482121.21482342&lt;/XYScale&gt;&lt;ZOrigin&gt;-100000&lt;/ZOrigin&gt;&lt;ZScale&gt;10000&lt;/ZScale&gt;&lt;MOrigin&gt;-100000&lt;/MOrigin&gt;&lt;MScale&gt;10000&lt;/MScale&gt;&lt;XYTolerance&gt;0.001&lt;/XYTolerance&gt;&lt;ZTolerance&gt;0.001&lt;/ZTolerance&gt;&lt;MTolerance&gt;0.001&lt;/MTolerance&gt;&lt;HighPrecision&gt;true&lt;/HighPrecision&gt;&lt;WKID&gt;102247&lt;/WKID&gt;&lt;/ProjectedCoordinateSystem&gt;</peXml></coordRef><copyHistory><copy source="N:\Azhar_action_items\Alaska_Bdry_Tiles_Revised\Revised_Feb2012\Alaska_Layout_Revised_07Feb2012" dest="\\triton\psc\2010\E10-0039-00_Alaska_Statewide_Imagery\psc\layout\Tile_index_CORS96\Revised_02Feb2012_NM1_NM2_KP1\Alaska_Layout_Revised_07Feb2012" date="20120207" time="16140100"></copy></copyHistory></DataProperties><SyncDate>20120207</SyncDate><SyncTime>16110600</SyncTime><ModDate>20120207</ModDate><ModTime>16110600</ModTime><ArcGISFormat>1.0</ArcGISFormat></Esri><dataIdInfo><envirDesc Sync="TRUE">Microsoft Windows XP Version 5.1 (Build 2600) Service Pack 3; ESRI ArcGIS 10.0.3.3600</envirDesc><dataLang><languageCode value="en" country="US"></languageCode><countryCode value="US" Sync="TRUE"></countryCode></dataLang><idCitation><resTitle Sync="TRUE">Alaska_Layout_Revised_07Feb2012</resTitle><presForm><PresFormCd value="005"></PresFormCd></presForm></idCitation><descKeys><thesaName uuidref="723f6998-058e-11dc-8314-0800200c9a66"></thesaName><keyword Sync="TRUE">002</keyword></descKeys><spatRpType><SpatRepTypCd value="001"></SpatRepTypCd></spatRpType></dataIdInfo><mdLang><languageCode value="en"></languageCode><countryCode value="US" Sync="TRUE"></countryCode></mdLang><mdChar><CharSetCd value="004"></CharSetCd></mdChar><distInfo><distFormat><formatName Sync="TRUE">Shapefile</formatName></distFormat><distTranOps><transSize Sync="TRUE">0.000</transSize></distTranOps></distInfo><mdHrLv><ScopeCd value="005"></ScopeCd></mdHrLv><mdHrLvName Sync="TRUE">dataset</mdHrLvName><spdoinfo><ptvctinf><esriterm><efeatyp Sync="TRUE">Simple</efeatyp><efeageom code="4" Sync="TRUE"></efeageom><esritopo Sync="TRUE">FALSE</esritopo><efeacnt Sync="TRUE">0</efeacnt><spindex Sync="TRUE">FALSE</spindex><linrefer Sync="TRUE">FALSE</linrefer></esriterm></ptvctinf></spdoinfo><spatRepInfo><VectSpatRep><geometObjs Name="Alaska_Layout_Revised_07Feb2012"><geoObjTyp><GeoObjTypCd value="002" Sync="TRUE"></GeoObjTypCd></geoObjTyp><geoObjCnt Sync="TRUE">0</geoObjCnt></geometObjs><topLvl><TopoLevCd value="001" Sync="TRUE"></TopoLevCd></topLvl></VectSpatRep></spatRepInfo><eainfo><detailed Name="Alaska_Layout_Revised_07Feb2012"><enttyp><enttypl Sync="TRUE">Alaska_Layout_Revised_07Feb2012</enttypl><enttypt Sync="TRUE">Feature Class</enttypt><enttypc Sync="TRUE">0</enttypc></enttyp><attr><attrlabl Sync="TRUE">FID</attrlabl><attalias Sync="TRUE">FID</attalias><attrtype Sync="TRUE">OID</attrtype><attwidth Sync="TRUE">4</attwidth><atprecis Sync="TRUE">0</atprecis><attscale Sync="TRUE">0</attscale><attrdef Sync="TRUE">Internal feature number.</attrdef><attrdefs Sync="TRUE">ESRI</attrdefs><attrdomv><udom Sync="TRUE">Sequential unique whole numbers that are automatically generated.</udom></attrdomv></attr><attr><attrlabl Sync="TRUE">Shape</attrlabl><attalias Sync="TRUE">Shape</attalias><attrtype Sync="TRUE">Geometry</attrtype><attwidth Sync="TRUE">0</attwidth><atprecis Sync="TRUE">0</atprecis><attscale Sync="TRUE">0</attscale><attrdef Sync="TRUE">Feature geometry.</attrdef><attrdefs Sync="TRUE">ESRI</attrdefs><attrdomv><udom Sync="TRUE">Coordinates defining the features.</udom></attrdomv></attr><attr><attrlabl Sync="TRUE">TileName</attrlabl><attalias Sync="TRUE">TileName</attalias><attrtype Sync="TRUE">String</attrtype><attwidth Sync="TRUE">50</attwidth><atprecis Sync="TRUE">0</atprecis><attscale Sync="TRUE">0</attscale></attr><attr><attrlabl Sync="TRUE">Status</attrlabl><attalias Sync="TRUE">Status</attalias><attrtype Sync="TRUE">String</attrtype><attwidth Sync="TRUE">50</attwidth><atprecis Sync="TRUE">0</atprecis><attscale Sync="TRUE">0</attscale></attr></detailed></eainfo><mdDateSt Sync="TRUE">20120207</mdDateSt><refSysInfo><RefSystem><refSysID><identCode code="102247" Sync="TRUE"></identCode><idCodeSpace Sync="TRUE">ESRI</idCodeSpace><idVersion Sync="TRUE">10.0.0</idVersion></refSysID></RefSystem></refSysInfo></metadata>
